,cov,model,r_squared,trial_type,w
0,1.44839612058e-05,VGG7,0.979590925636,column_pairs_mixed,0.0470305301252
1,inf,VGG7,1.0,column_pairs_sorted,0.0115565397692
2,0.00168753101003,VGG7,0.581143527461,scattered_pairs,0.255535818856
3,0.00195201264742,VGG7,0.842902419898,scattered_random,0.363244755948
