,accuracy,global_step,loss,num_epochs
0,0.8333333134651184,563,0.3427470028400421,2
1,0.9275000095367432,1126,0.16589194536209106,4
2,0.9047222137451172,1689,0.2213744819164276,6
3,0.9755555391311646,2252,0.06927792727947235,8
4,0.9691666960716248,2815,0.0854903906583786,10
5,0.9811111092567444,3378,0.061414703726768494,12
6,0.9722222089767456,3941,0.07960143685340881,14
7,0.9750000238418579,4504,0.08121825009584427,16
8,0.9677777886390686,5067,0.15283967554569244,18
