,accuracy,global_step,loss,num_epochs
0,0.9163888692855835,563,0.1928124725818634,2
1,0.9788888692855835,1126,0.061524804681539536,4
2,0.9711111187934875,1689,0.07310623675584793,6
3,0.9861111044883728,2252,0.04036689177155495,8
4,0.9677777886390686,2815,0.07161746919155121,10
5,0.9680555462837219,3378,0.11645094305276871,12
6,0.9769444465637207,3941,0.061875127255916595,14
