,accuracy,global_step,loss,num_epochs
0,0.8133333325386047,563,0.3854314088821411,2
1,0.8405555486679077,1126,0.3209899961948395,4
2,0.8344444632530212,1689,0.46602335572242737,6
3,0.8291666507720947,2252,0.6744344234466553,8
4,0.8341666460037231,2815,0.7907824516296387,10
5,0.8272222280502319,3378,0.9697079658508301,12
